,title,year,certificate,rating,description,director,writer,actors,genres,runtime
0,Transformers: Revenge of the Fallen,2009,PG-13,5.9,"Sam Witwicky leaves the Autobots behind for a normal life. But when his mind is filled with cryptic symbols, the Decepticons target him and he is dragged back into the Transformers' war.",Michael Bay,"{'Roberto Orci', 'Alex Kurtzman', 'Ehren Kruger'}","['Shia LaBeouf', 'Megan Fox', 'Josh Duhamel', 'Tyrese Gibson', 'John Turturro', 'Ramón Rodríguez', 'Kevin Dunn', 'Julie White', 'Isabel Lucas', 'John Benjamin Hickey', 'Matthew Marsden', 'Andrew Howard', 'Michael Papajohn', 'Glenn Morshower', 'John Eric Bentley', 'Erin Naas', 'Rainn Wilson', 'Katie Lowes']",ActionAdventureSci-Fi,2h 29m
1,Jack and Jill,2011,PG,3.3,"Family guy, Jack Sadelstein, prepares for the annual event he always dreads--the Thanksgiving visit of his fraternal twin sister, the needy, and passive-aggressive Jill, who then refuses to leave.",Dennis Dugan,"{'Steve Koren', 'Adam Sandler', 'Ben Zook'}","['Adam Sandler', 'Katie Holmes', 'Al Pacino', 'Elodie Tougne', 'Rohan Chand', 'Eugenio Derbez', 'David Spade', 'Nick Swardson', 'Tim Meadows', 'Allen Covert', 'Norm MacDonald', 'Geoff Pierson', 'Valerie Mahaffey', 'Gary Valentine', 'Dana Carvey', 'Regis Philbin', 'Gad Elmaleh', 'Dan Patrick']",Comedy,1h 31m
2,Troll 2,1990,PG-13,2.9,"A vacationing family discovers that the entire town they're visiting is inhabited by goblins, disguised as humans, who plan to eat them.",Claudio Fragasso,"{'Rossella Drudi', 'Claudio Fragasso'}","['Michael Paul Stephenson', 'George Hardy', 'Margo Prey', 'Connie Young', 'Robert Ormsby', 'Deborah Reed', 'Jason Wright', 'Darren Ewing', 'Jason Steadman', 'David McConnell', 'Gary Carlston', 'Mike Hamill', 'Don Packard', 'Christina Reynolds', 'Glenn Gerner', 'Michele Abrams', 'Lance C. Williams', 'Elli Case']",ComedyFantasyHorror,1h 35m
3,Teenage Mutant Ninja Turtles,2014,PG-13,5.8,"When a kingpin threatens New York City, a group of mutated turtle warriors must emerge from the shadows to protect their home.",Jonathan Liebesman,"{'Evan Daugherty', 'André Nemec', 'Josh Appelbaum'}","['Megan Fox', 'Will Arnett', 'William Fichtner', 'Noel Fisher', 'Alan Ritchson', 'Pete Ploszek', 'Johnny Knoxville', 'Jeremy Howard', 'Danny Woodburn', 'Tony Shalhoub', 'Tohoru Masamune', 'Whoopi Goldberg', 'Minae Noji', 'Abby Elliott', 'Madison Mason', 'Taran Killam', 'K. Todd Freeman', 'Paul Fitzgerald']",ActionAdventureComedy,1h 41m
4,Dionysus in '69,1970,X,5.2,"Filmed stageplay based on the ancient greek play The Bacchae written by Euripides. This play is performed by members of The Performance Group, an NYC experimental theater group who has made their own personal adaptation of this ancient text. Filmed by Brian DePalma.",Brian De Palma,"{'Euripides', 'William Arrowsmith'}","['Remi Barclay', 'Samuel Blazer', 'Jason Bosseau', 'Richard Dia', 'William Finley', 'Joan MacIntosh', 'Vicki May', 'Patrick McDermott', 'Margaret Ryan', 'William Shephard', 'Ciel Smith']",Drama,1h 25m
5,Bratz,2007,PG,3.0,"During their first year of high school, four best girlfriends face off against the domineering student body President, who wants to split them up into different social cliques.",Sean McNamara,"{'Adam De La Peña', 'Susan Estelle Jansen', 'David Eilenberg'}","['Skyler Shaye', 'Janel Parrish', 'Logan Browning', 'Nathalia Ramos', 'Chelsea Kane', 'Anneliese van der Pol', 'Melise', 'Ian Nelson', 'Stephen Ford', 'Jon Voight', 'Lainie Kazan', 'William May', 'Emily Rose Everhard', 'Chet Hanks', 'Carl Rux', 'Kim Morgan Greene', 'Sasha Cohen', 'Andrea Edwards']",ComedyFamilyMusic,1h 50m
6,Old Dogs,2009,PG,5.3,Two friends and business partners find their lives turned upside down when strange circumstances lead them to be the temporary guardians of seven year-old twins.,Walt Becker,"{'David Weissman', 'David Diamond'}","['Robin Williams', 'John Travolta', 'Seth Green', 'Kelly Preston', 'Conner Rayburn', 'Ella Bleu Travolta', 'Lori Loughlin', 'Bernie Mac', 'Matt Dillon', 'Ann-Margret', 'Rita Wilson', 'Amy Sedaris', 'Residente', 'Sab Shimono', 'Kevin Yamada', 'Kevin Dean-Hackett', 'Laura Allen', 'Sam Travolta']",ComedyFamily,1h 28m
7,Mother's Day,2016,PG-13,5.6,Three generations come together in the week leading up to Mother's Day.,Garry Marshall,"{'Anya Kochoff', 'Tom Hines', 'Matthew Walker'}","['Jennifer Aniston', 'Kate Hudson', 'Julia Roberts', 'Jason Sudeikis', 'Timothy Olyphant', 'Shay Mitchell', 'Caleb Brown', 'Brandon Spink', 'Sam Marshall', 'Siena LaGambina', 'Joseph Leo Bwarie', 'Matthew Walker', 'Suzanne Haring', 'Marty Nadler', 'Rob Nagle', 'Lily Marshall-Fricker', 'Ethan Marshall', 'Emma Marshall']",ComedyDramaRomance,1h 58m
8,Unplanned,2019,R,5.5,"All Abby Johnson ever wanted to do was help women. As one of the youngest Planned Parenthood clinic directors in the nation, she believed in a woman's right to choose. Until the day she saw something that changed everything.",Chuck Konzelman,"{'Chuck Konzelman', 'Abby Johnson', 'Cary Solomon'}","['Ashley Bratcher', 'Brooks Ryan', 'Robia Scott', 'Jared Lotz', 'Emma Elle Roberts', 'Robin DeMarco', 'Robert Thomason', 'Tina Toner', 'Sarah Hernandez', 'Maura Corsini', 'Lezl Gonzales', 'Mary Montoya', 'Kaiser Johnson', 'Andee Grace Burton', 'Alexander Kane', 'Stacey Bradshaw', 'Monica Peña', 'Connor Scott Frank']",BiographyDrama,1h 49m
9,The Phantom of the Opera,2004,PG-13,7.2,A young soprano becomes the obsession of a disfigured and murderous musical genius who lives beneath the Paris Opéra House.,Joel Schumacher,"{'Joel Schumacher', 'Andrew Lloyd Webber', 'United Kingdom', 'Gaston Leroux', 'United States'}","['Gerard Butler', 'Emmy Rossum', 'Patrick Wilson', 'Miranda Richardson', 'Minnie Driver', 'Ciarán Hinds', 'Simon Callow', 'Victor McGuire', 'Jennifer Ellison', 'Murray Melvin', 'Kevin McNally', 'James Fleet', 'Imogen Bain', 'Miles Western', 'Judith Paris', 'Halcro Johnston', 'Paul Brooke', 'Oliver Chopping']",DramaMusicalRomance,2h 23m
10,Delgo,2008,PG,4.3,"Delgo, an adventurous but naive teenager, must rally his group of friends to protect their world from conflict between the Lockni and Nohrin people.",Marc F. Adler,"{'Carl Dream', 'Jennifer Jones-Mitchell', 'Patrick J. Cowan'}","['Freddie Prinze Jr.', 'Val Kilmer', 'Anne Bancroft', 'Chris Kattan', 'Jennifer Love Hewitt', 'Malcolm McDowell', 'Michael Clarke Duncan', 'Louis Gossett Jr.', 'Eric Idle', 'Burt Reynolds', 'Kelly Ripa', 'Sally Kellerman', 'Jed Rhein', 'Melissa McBride', 'Jeff Winter', 'Armin Shimerman', 'Don Stallings', 'Brad Abrell']",AnimationAdventureComedy,1h 34m
11,The Ugly Truth,2009,R,6.4,An uptight television producer takes control of a morning show segment on modern relationships hosted by a misogynistic man.,Robert Luketic,"{'Nicole Eastman', 'Karen McCullah', 'Kirsten Smith'}","['Katherine Heigl', 'Gerard Butler', 'Bree Turner', 'Eric Winter', 'Nick Searcy', 'Jesse D. Goins', 'Cheryl Hines', 'John Michael Higgins', 'Noah Matthews', 'Bonnie Somerville', 'John Sloman', 'Yvette Nicole Brown', 'Nate Corddry', 'Allen Maldonado', 'Steve Little', 'Dan Callahan', 'Tess Parker', 'Arielle Vandenberg']",ComedyRomance,1h 36m
12,All About Steve,2009,PG-13,4.8,"Convinced that a CCN cameraman is her true love, an eccentric crossword puzzler trails him as he travels all over the country, hoping to convince him that they belong together.",Phil Traill,{'Kim Barker'},"['Sandra Bullock', 'Bradley Cooper', 'Thomas Haden Church', 'Ken Jeong', 'DJ Qualls', 'Howard Hesseman', 'Keith David', 'Beth Grant', 'Katy Mixon', 'M.C. Gainey', 'Holmes Osborne', 'Delaney Hamilton', 'Jason Jones', 'Carlos Gómez', 'George Sharperson', 'Luenell', 'Christina Carlisi', ""Joe D'Angerio""]",ComedyRomance,1h 39m
13,Inferno,2016,PG-13,6.2,"When Robert Langdon wakes up in an Italian hospital with amnesia, he teams up with Dr. Sienna Brooks and they race across Europe together against the clock to foil a deadly global plot.",Ron Howard,"{'Dan Brown', 'David Koepp', 'United States'}","['Tom Hanks', 'Felicity Jones', 'Irrfan Khan', 'Ben Foster', 'Omar Sy', 'Sidse Babett Knudsen', 'Ana Ularu', 'Ida Darvish', 'Paolo Antonio Simioni', 'Alessandro Grimaldi', 'Fausto Maria Sciarappa', 'Robin Mugnaini', 'Paul Ritter', 'Vincenzo Tanassi', 'Alessandro Fabrizi', 'Simone Mariani', 'Gábor Urmai', 'Jon Donahue']",ActionAdventureCrime,2h 1m
14,Yoga Hosers,2016,PG-13,4.2,Two teenage yoga enthusiasts must do battle with an evil presence that is threatening to rise from its underground lair and endanger their major party plans.,Kevin Smith,{'Kevin Smith'},"['Lily-Rose Depp', 'Harley Quinn Smith', 'Johnny Depp', 'Adam Brody', 'Harley Morenstein', 'Ashley Greene', 'Jack Depp', 'Austin Butler', 'Tyler Posey', 'Jennifer Schwalbach Smith', 'Justin Long', 'Tony Hale', 'Natasha Lyonne', 'Genesis Rodriguez', 'Vanessa Paradis', 'Haley Joel Osment', 'Ralph Garman', 'Sasheer Zamata']",ActionComedyHorror,1h 28m
15,Resident Evil: Afterlife,2010,R,5.8,"While still out to destroy the evil Umbrella Corporation, Alice joins a group of survivors living in a prison surrounded by the infected who also want to relocate to the mysterious but supposedly unharmed safe haven known only as Arcadia.",Paul W.S. Anderson,"{'Germany', 'Canada', 'Paul W.S. Anderson'}","['Milla Jovovich', 'Ali Larter', 'Wentworth Miller', 'Kim Coates', 'Shawn Roberts', 'Sergio Peris-Mencheta', 'Spencer Locke', 'Boris Kodjoe', 'Sienna Guillory', 'Kacey Clarke', 'Norman Yeung', 'Fulvio Cecere', 'Bola Olubowale', 'Christopher Kano', 'Tatsuya Goke', 'Nobuya Shimamoto', 'Peter Kosaka', 'Denis Akiyama']",ActionHorrorSci-Fi,1h 36m
16,Taxi,2004,PG-13,4.5,A mouthy and feisty taxicab driver has hot tips for a green and inept cop set on solving a string of New York City bank robberies committed by a quartet of female Brazilian bank robbers.,Tim Story,"{'France', 'Luc Besson', 'Thomas Lennon', 'Robert Ben Garant'}","['Queen Latifah', 'Jimmy Fallon', 'Gisele Bündchen', 'Henry Simmons', 'Jennifer Esposito', 'Ana Cristina de Oliveira', 'Ingrid Vandebosch', 'Magali Amadei', 'Ann-Margret', 'Christian Kane', 'Boris McGiver', 'Adrian Martinez', 'Joe Lisi', 'Bryna Weiss', 'GQ', 'Joey Diaz', 'Rick Overton', 'John Rothman']",ActionComedyCrime,1h 37m
17,Underworld: Blood Wars,2016,R,5.7,Vampire death dealer Selene (Kate Beckinsale) fights to end the eternal war between the Lycan clan and the Vampire faction that betrayed her.,Anna Foerster,"{'Cory Goodman', 'Kevin Grevioux', 'Kyle Ward'}","['Kate Beckinsale', 'Theo James', 'Tobias Menzies', 'Lara Pulver', 'Charles Dance', 'James Faulkner', 'Peter Andersson', 'Clementine Nicholson', 'Bradley James', 'Daisy Head', 'Oliver Stark', 'Zuzana Stivínová', 'Brian Caspe', 'Jan Nemejovský', 'Sveta Driga', 'Dan Bradford', 'David Bowles', 'Tomas Fisher']",ActionAdventureFantasy,1h 31m
18,Obsessed,2009,PG-13,5.0,"A successful asset manager, who has just received a huge promotion, is blissfully happy in his career and in his marriage. But when a temp worker starts stalking him, all the things he's worked so hard for are placed in jeopardy.",Steve Shill,{'David Loughery'},"['Beyoncé', 'Idris Elba', 'Ali Larter', ""Jerry O'Connell"", 'Bonnie Perlman', 'Christine Lahti', 'Nathan Myers', 'Nicolas Myers', 'Matthew Humphreys', 'Scout Taylor-Compton', 'Richard Ruccolo', 'Bryan Ross', 'Nelson Mashita', 'Bruce McGill', 'Ron Roggé', 'George Ketsios', 'Meredith Roberts Quill', 'Catherine Munden']",DramaRomanceThriller,1h 48m
19,Premonition,2007,PG-13,5.9,"A depressed woman learns that her husband was killed in a car accident the previous day, then awakens the next morning to find him alive and well at home; then awakens the day after that to find that he's dead.",Mennan Yapo,{'Bill Kelly'},"['Sandra Bullock', 'Julian McMahon', 'Amber Valletta', 'Shyann McClure', 'Courtney Taylor Burness', 'Nia Long', 'Marc Macaulay', 'Kate Nelligan', 'Irene Ziegler', 'Phillip DeVona', 'Ritchie Montgomery', 'Matt Moore', 'Peter Stormare', 'Laurel Whitsett', 'Kristin Ketterer', 'Marcus Lyle Brown', 'Jason Douglas', 'David A. Shaffer']",DramaFantasyMystery,1h 36m
20,Prom Night,2008,PG-13,3.9,"Donna's senior prom is supposed to be the best night of her life, though a sadistic killer from her past has different plans for her and her friends.",Nelson McCormick,"{'Dolby Digital', 'J.S. Cardone', 'Canada', 'United States'}","['Brittany Snow', 'Scott Porter', 'Jessica Stroup', 'Dana Davis', 'Collins Pennie', 'Kelly Blatz', 'James Ransone', 'Brianne Davis', 'Kellan Lutz', 'Mary Mara', 'Ming-Na Wen', 'Johnathon Schaech', 'Idris Elba', 'Jessalyn Gilsig', 'Linden Ashby', 'Jana Kramer', 'Rachel Specter', 'Valeri Ross']",Horror,1h 28m
21,Gods of Egypt,2016,PG-13,5.4,"Mortal hero Bek teams with the god Horus in an alliance against Set, the merciless god of darkness, who has usurped Egypt's throne, plunging the once peaceful and prosperous empire into chaos and conflict.",Alex Proyas,"{'Matt Sazama', 'China', 'Australia', 'United States', 'Burk Sharpless'}","['Brenton Thwaites', 'Nikolaj Coster-Waldau', 'Gerard Butler', 'Chadwick Boseman', 'John Samaha', 'Courtney Eaton', 'Paula Arundell', ""Alia Seror-O'Neill"", 'Emily Wheaton', 'Elodie Yung', 'Rachael Blake', 'Bryan Brown', 'Michael-Anthony Taylor', 'Emma Booth', 'Felix Williamson', 'Alexander England', 'Rufus Sewell', 'Ian Roberts']",ActionAdventureFantasy,2h 7m
22,A Haunted House,2013,R,5.0,"Malcolm and Kisha move into their dream home, then learn that a demon also resides there. When Kisha becomes possessed, Malcolm--determined to keep his sex life on track--turns to a priest, a psychic, and a ghostbusting team for help.",Michael Tiddes,"{'Rick Alvarez', 'Marlon Wayans'}","['Marlon Wayans', 'Essence Atkins', 'Marlene Forte', 'David Koechner', 'Dave Sheridan', 'Nick Swardson', 'Alanna Ubach', 'Andy Daly', 'J.B. Smoove', 'Robin Thede', 'Jordenn Thompson', 'Affion Crockett', 'Cedric the Entertainer', 'Damien Bray', 'Maris Croatto', 'Joel Kelley Dauten', 'Emma Jonnz', 'Bobbie Lee Jr.']",ComedyFantasyHorror,1h 26m
23,Mr. Bean's Holiday,2007,G,6.4,"Mr. Bean wins a trip to Cannes where he unwittingly separates a young boy from his father and must help the two reunite. On the way he discovers France, bicycling, and true love.",Steve Bendelack,"{'France', 'Rowan Atkinson', 'Simon McBurney', 'United Kingdom', 'Germany', 'Richard Curtis'}","['Rowan Atkinson', 'Willem Dafoe', 'Steve Pemberton', 'Lily Atkinson', 'Preston Nyman', 'Sharlit Deyzac', 'Francois Touch', 'Emma de Caunes', 'Arsène Mosca', 'Stéphane Debac', 'Philippe Spall', 'Jean Rochefort', 'Karel Roden', 'Maxim Baldry', 'Pascal Jounier', 'Emmanuelle Cosso', 'Francis Coffinet', 'Catherine Hosmalin']",ComedyFamily,1h 30m
24,Twelve,2010,R,5.6,"A young drug dealer watches as his high-rolling life is dismantled in the wake of his cousin's murder, which sees his best friend arrested for the crime.",Joel Schumacher,"{'Nick McDonell', 'United States', 'Jordan Melamed'}","['Chace Crawford', 'Emma Roberts', 'Rory Culkin', 'Philip Ettinger', 'Esti Ginzburg', '50 Cent', 'Zoë Kravitz', 'Billy Magnussen', 'Emily Meade', 'Ellen Barkin', 'Kiefer Sutherland', 'Ako', 'Dionne Audain', 'Gregg Bello', 'Maxx Brawer', 'Jermaine Crawford', 'Chanel Maya Banks', 'Alexander Flores']",ActionDramaThriller,1h 33m
25,When in Rome,2010,PG-13,5.5,"Beth is a young, ambitious New Yorker who is completely unlucky in love. However, on a whirlwind trip to Rome, she impulsively steals some coins from a reputed fountain of love, and is then aggressively pursued by a band of suitors.",Mark Steven Johnson,"{'David Weissman', 'David Diamond'}","['Kristen Bell', 'Josh Duhamel', 'Anjelica Huston', 'Danny DeVito', 'Will Arnett', 'Jon Heder', 'Dax Shepard', 'Alexis Dziena', 'Kate Micucci', 'Peggy Lipton', 'Luca Calvani', ""Keir O'Donnell"", 'Bobby Moynihan', 'Kristen Schaal', 'Judith Malina', 'Lee Pace', 'Natalie Joy Johnson', 'Brian Golub']",ComedyRomance,1h 31m
26,Year of the Dog,2007,PG-13,6.0,A secretary's life changes in unexpected ways after her dog dies.,Mike White,{'Mike White'},"['Molly Shannon', 'John C. Reilly', 'Peter Sarsgaard', 'Laura Dern', 'Regina King', 'Tom McCarthy', 'Josh Pais', 'Amy Schlagel', 'Zoe Schlagel', 'Dale Godboldo', 'Inara George', 'Liza Weil', 'Jon Shere', 'Christy Moore', 'Audrey Wasilewski', 'Brenda Canela', 'Craig Cackowski', 'Steve Berg']",ComedyDrama,1h 37m
27,The Dilemma,2011,PG-13,5.3,A man discovers that his best friend's wife is having an affair.,Ron Howard,{'Allan Loeb'},"['Vince Vaughn', 'Kevin James', 'Winona Ryder', 'Jennifer Connelly', 'Channing Tatum', 'Queen Latifah', 'Amy Morton', 'Chelcie Ross', 'Eduardo N. Martinez', 'Rance Howard', 'Clint Howard', 'Guy Van Swearingen', 'Troy West', 'Laura Whyte', 'Grace Rex', 'Mike McNamara', 'Rebecca Spence', 'Tim Rhoze']",ComedyDrama,1h 51m
28,The Twilight Saga: Breaking Dawn - Part 1,2011,PG-13,4.9,"The Quileutes close in on expecting parents Edward and Bella, whose unborn child poses a threat to the Wolf Pack and the towns people of Forks.",Bill Condon,"{'Stephenie Meyer', 'Melissa Rosenberg'}","['Kristen Stewart', 'Robert Pattinson', 'Taylor Lautner', 'Gil Birmingham', 'Billy Burke', 'Sarah Clarke', 'Ty Olsson', 'Ashley Greene', 'Jackson Rathbone', 'Peter Facinelli', 'Elizabeth Reaser', 'Kellan Lutz', 'Nikki Reed', 'Christian Sloan', 'James Pizzinato', 'Ian Harmon', 'Gabriel Carter', 'Anna Kendrick']",AdventureDramaFantasy,1h 57m
29,Battle: Los Angeles,2011,PG-13,5.7,A squad of U.S. Marines becomes the last line of defense against a global invasion.,Jonathan Liebesman,{'Christopher Bertolini'},"['Aaron Eckhart', 'Michelle Rodriguez', 'Bridget Moynahan', 'Ramón Rodríguez', 'Will Rothhaar', 'Cory Hardrict', 'Jim Parrack', 'Gino Anthony Pesi', 'Ne-Yo', 'James Hiroyuki Liao', 'Noel Fisher', ""Adetokumboh M'Cormack"", 'Bryce Cass', 'Michael Peña', 'Neil Brown Jr.', 'Taylor Handley', 'Joey King', 'Lucas Till']",ActionAdventureSci-Fi,1h 56m
30,Skinwalkers,2006,R,4.5,"A 12 year old boy and his mother become the targets of two warring werewolf packs, each with different intentions and motives.",James Isaac,"{'James DeMonaco', 'Todd Harthan', 'Canada', 'James Roday Rodriguez'}","['Jason Behr', 'Elias Koteas', 'Rhona Mitra', 'Natassia Malthe', 'Kim Coates', 'Sarah Carter', 'Tom Jackson', 'Matthew Knight', 'Rogue Johnston', 'Barbara Gordon', 'Shawn Roberts', 'Lyriq Bent', 'Christine Brubaker', 'Roman Podhora', 'Wayne Ward', 'Scott Anderson', 'Caroline Mangosing', 'Ramona Pringle']",ActionFantasyHorror,1h 50m
31,Flutter,2011,TV-MA,5.2,"Chancer John lives for playing the odds - and he's always willing to take a calculated risk. But when he meets the mysterious and beautiful female bookie Stan, he discovers there's much more to gambling than just greyhounds and horses. Lured by her huge payoffs, John finds himself sucked into a surreal and dangerous world ruled by money, power and control. The questio... Read all",Giles Borg,{'Stephen Leslie'},"['Joe Anderson', 'Ricky Tomlinson', 'Laura Fraser', 'Autumn Federici', 'Billy Zane', 'John Raine', 'Zaf Naqvi', 'Richard Alan Reid', 'Max Brown', 'Luke Evans', 'Anna Schafer', 'Ed Gaughan', 'Anton Lesser', 'Mark Williams', 'Kirsty Jobling', 'Kerry Stacey', 'Helen Coverdale', 'David Anthony Thomas']",DramaThriller,1h 26m
32,The Wedding Party,1969,Not Rated,4.7,See Robert DeNiro in his first starring role in Brian DePalma's wildly comic first feature The Wedding Party!,Brian De Palma,"{'Brian De Palma', 'Cynthia Munroe', 'Wilford Leach'}","['Valda Setterfield', 'Raymond McNally', 'John Braswell', 'Charles Pfluger', 'Jill Clayburgh', 'William Finley', 'Robert De Niro', 'Judy Thomas', 'Jennifer Salt', 'Sue Ann Gilfillan', 'John Quinn', 'Richard Kolmar', 'Jane Odin', 'Penny Bridgers', 'Nancy Reeder', 'Joanna Chapin', 'Cynthia Munroe', 'Kitty Gallagher']",Comedy,1h 32m
33,Transformers: Dark of the Moon,2011,PG-13,6.2,"The Autobots learn of a Cybertronian spacecraft hidden on the moon, and race against the Decepticons to reach it and to learn its secrets.",Michael Bay,{'Ehren Kruger'},"['Shia LaBeouf', 'Rosie Huntington-Whiteley', 'Tyrese Gibson', 'Josh Duhamel', 'John Turturro', 'Patrick Dempsey', 'Frances McDormand', 'John Malkovich', 'Kevin Dunn', 'Julie White', 'Alan Tudyk', 'Ken Jeong', 'Glenn Morshower', 'Lester Speight', 'Buzz Aldrin', ""Bill O'Reilly"", 'Ravil Isyanov', 'Dustin Dennard']",ActionAdventureSci-Fi,2h 34m
34,A Good Day to Die Hard,2013,R,5.2,"John McClane travels to Russia to help out his seemingly wayward son, Jack, only to discover that Jack is a CIA operative working undercover, causing the father and son to team up against underworld forces.",John Moore,"{'Roderick Thorp', 'Skip Woods', 'United States', 'United Kingdom'}","['Bruce Willis', 'Jai Courtney', 'Sebastian Koch', 'Mary Elizabeth Winstead', 'Yulia Snigir', 'Radivoje Bukvic', 'Cole Hauser', 'Amaury Nolasco', 'Sergey Kolesnikov', 'Roman Luknár', 'Zolee Ganxsta', 'Péter Takátsy', 'Pasha D. Lychnikoff', 'Megalyn Echikunwoke', 'Melissa Tang', 'Rico Simonini', 'Catherine Kresge', 'April Grace']",ActionThriller,1h 38m
35,Diana,2013,PG-13,5.5,"During the last two years of her life, Princess Diana embarks on a final rite of passage: a secret love affair with Pakistani heart surgeon Hasnat Khan.",Oliver Hirschbiegel,"{'Kate Snell', 'France', 'Sweden', 'Stephen Jeffreys', 'United Kingdom'}","['Naomi Watts', 'Naveen Andrews', 'Cas Anvar', 'Charles Edwards', 'James Puddephatt', 'Douglas Hodge', 'Ilan Goodman', 'Geraldine James', 'Prasanna Puwanarajah', ""Rose O'Loughlin"", 'Michael Hadley', 'Juliet Stevenson', 'Max Wrottesley', 'Christopher Birch', 'Nathaniel Facey', 'Max Cane', 'Mary Stockley', 'Micah Balfour']",BiographyDramaRomance,1h 53m
36,Fifty Shades of Grey,2015,R,4.1,"Literature student Anastasia Steele's life changes forever when she meets handsome, yet tormented, billionaire Christian Grey.",Sam Taylor-Johnson,"{'Kelly Marcel', 'E.L. James'}","['Dakota Johnson', 'Jamie Dornan', 'Jennifer Ehle', 'Eloise Mumford', 'Victor Rasuk', 'Luke Grimes', 'Marcia Gay Harden', 'Rita Ora', 'Max Martini', 'Callum Keith Rennie', 'Andrew Airlie', 'Dylan Neal', 'Elliat Albrecht', 'Rachel Skarsten', 'Emily Fonda', 'Anthony Konechny', 'Bruce Dawson', 'Tom Butler']",DramaRomanceThriller,2h 5m
37,Bride Wars,2009,PG,5.4,Two best friends become rivals when they schedule their respective weddings on the same day.,Gary Winick,"{'June Diane Raphael', 'Casey Wilson', 'Greg DePaul'}","['Kate Hudson', 'Anne Hathaway', 'Candice Bergen', 'Bryan Greenberg', 'Chris Pratt', 'Steve Howey', 'Kristen Johnston', 'Michael Arden', 'Victor Slezak', 'Kelly Coffield Park', 'John Pankow', ""Zoe O'Grady"", 'Shannon Ferber', 'June Diane Raphael', 'Charles Bernard', 'Emily Sarah Stikeman', 'Robert Capron', 'Kallie Tabor']",ComedyRomance,1h 29m
38,The Boss,2016,R,5.4,"A titan of industry is sent to prison after she's caught insider trading. When she emerges ready to rebrand herself as America's latest sweetheart, not everyone she screwed over is so quick to forgive and forget.",Ben Falcone,"{'Steve Mallory', 'Ben Falcone', 'Melissa McCarthy'}","['Melissa McCarthy', 'Kristen Bell', 'Peter Dinklage', 'Ella Anderson', 'Tyler Labine', 'Kathy Bates', 'Cecily Strong', 'Mary Sohn', 'Kristen Schaal', 'Eva Peterson', 'Timothy Simons', 'Aleandra Newcomb', 'Annie Mumolo', 'Presley Coley', 'Dax Shepard', 'Ben Falcone', 'Mitch Silpa', 'Jim Cashman']",Comedy,1h 39m
39,Awake,2007,R,6.5,A wealthy young man undergoing heart transplant surgery discovers that the surgical team intend to murder him.,Joby Harold,{'Joby Harold'},"['Hayden Christensen', 'Jessica Alba', 'Terrence Howard', 'Lena Olin', 'Christopher McDonald', 'Sam Robards', 'Arliss Howard', 'Fisher Stevens', 'Georgina Chapman', 'David Harbour', 'Steven Hinkle', ""Denis O'Hare"", 'Charlie Hewson', 'Court Young', 'Joseph Costa', 'Poorna Jagannathan', 'Lee Wong', 'Kae Shimizu']",CrimeDramaMystery,1h 24m
40,Killers,2010,PG-13,5.4,"A vacationing woman meets her ideal man, leading to a swift marriage. Back at home, however, their idyllic life is upset when they discover their neighbors could be assassins who have been contracted to kill the couple.",Robert Luketic,"{'Ted Griffin', 'Bob DeRosa'}","['Katherine Heigl', 'Ashton Kutcher', 'Tom Selleck', ""Catherine O'Hara"", 'Katheryn Winnick', 'Kevin Sussman', 'Lisa Ann Walter', 'Casey Wilson', 'Rob Riggle', 'Martin Mull', 'Alex Borstein', 'Usher', 'LeToya Luckett', 'Michael Daniel Cassady', 'Larry Joe Campbell', 'Mary Birdsong', 'Ric Reitz', 'John Atwood']",ActionComedyRomance,1h 40m
41,Fifty Shades Freed,2018,R,4.5,"Anastasia and Christian get married, but Jack Hyde continues to threaten their relationship.",James Foley,"{'E.L. James', 'Niall Leonard', 'United States'}","['Dakota Johnson', 'Jamie Dornan', 'Eric Johnson', 'Eloise Mumford', 'Rita Ora', 'Luke Grimes', 'Victor Rasuk', 'Max Martini', 'Jennifer Ehle', 'Marcia Gay Harden', 'Bruce Altman', 'Arielle Kebbel', 'Callum Keith Rennie', 'Robinne Lee', 'Brant Daugherty', 'Andrew Airlie', 'Amy Price-Francis', 'Fay Masterson']",DramaRomanceThriller,1h 45m
42,Slender Man,2018,PG-13,3.2,"In a small town in Massachusetts, a group of friends, fascinated by the internet lore of the Slender Man, attempt to prove that he doesn't actually exist - until one of them mysteriously goes missing.",Sylvain White,"{'Victor Surge', 'David Birke'}","['Joey King', 'Julia Goldani Telles', 'Jaz Sinclair', 'Annalise Basso', 'Alex Fitzalan', 'Taylor Richardson', 'Javier Botet', 'Jessica Blank', 'Michael Reilly Burke', 'Kevin Chapman', 'Miguel Nascimento', 'Eddie Frateschi', 'Oscar Wahlberg', 'Danny Beaton', 'Marc Carver', 'Kris Sidberry', 'Angela Hope Smith', ""Damon D'Amico Jr.""]",HorrorMysteryThriller,1h 33m
43,American Psycho II: All American Girl,2002,R,3.7,A girl named Rachael Newman has developed a taste for murder and will stop at nothing to become a college professor's assistant.,Morgan J. Freeman,"{'Bret Easton Ellis', 'Alex Sanger', 'Karen Craig', 'United States'}","['Mila Kunis', 'William Shatner', 'Geraint Wyn Davies', 'Robin Dunne', 'Lindy Booth', 'Charles Officer', 'Jenna Perry', 'Michael Kremko', 'Kate Kelton', 'Quancetia Hamilton', 'John Healy', 'Andrew Scorer', 'Kim Poirier', 'Kim Schraner', 'Shoshana Sperling', 'Thomas Dozol', 'Lynne Deragon', 'Philip Williams']",HorrorThriller,RR
44,Bewitched,2005,PG-13,4.8,"Thinking he can overshadow an unknown actress in the part, an egocentric actor unknowingly gets a witch cast in an upcoming television remake of the classic sitcom Bewitched (1964).",Nora Ephron,"{'Sol Saks', 'Delia Ephron', 'Nora Ephron'}","['Nicole Kidman', 'Will Ferrell', 'Shirley MacLaine', 'Michael Caine', 'Jason Schwartzman', 'Kristin Chenoweth', 'Heather Burns', 'Jim Turner', 'Stephen Colbert', 'David Alan Grier', 'Michael Badalucco', 'Carole Shelley', 'Steve Carell', 'Katie Finneran', 'James Lipton', ""Conan O'Brien"", 'Amy Sedaris', 'Richard Kind']",ComedyFantasyRomance,1h 42m
45,The Possession of Hannah Grace,2018,R,5.2,"When a cop who is just out of rehab takes the graveyard shift in a city hospital morgue, she faces a series of bizarre, violent events caused by an evil entity in one of the corpses.",Diederik Van Rooijen,{'Brian Sieve'},"['Shay Mitchell', 'Grey Damon', 'Kirby Johnson', 'Nick Thune', 'Louis Herthum', 'Stana Katic', 'Maximillian McNamara', 'Jacob Ming-Trent', 'James A. Watson Jr.', 'Marianne Bayard', 'Adrian M. Mompoint', 'Matt Mings', 'Gijs Scholten van Aschat', 'Guy Clemens', 'Sean Burns', 'Andrea Lyman', 'George J. Vezina', 'Melissa McMeekin']",HorrorMysteryThriller,1h 26m
46,Tyler Perry's Boo 2! A Madea Halloween,2017,PG-13,3.8,"Madea, Bam, and Hattie venture to a haunted campground and the group must run for their lives when monsters, goblins, and the boogeyman are unleashed.",Tyler Perry,"{'Brian Schulman', 'Tyler Perry'}","['Tyler Perry', 'Cassi Davis', 'Patrice Lovely', 'Yousef Erakat', 'Diamond White', 'Lexy Panterra', 'Andre Hall', ""Brock O'Hurn"", 'Tito Ortiz', 'Taja V. Simpson', 'Inanna Sarkis', 'Hannah Stocking', 'Mike Tornabene', 'J.C. Caylen', 'Akende Munalula', 'Alex Wassabi', 'Barry Stoltze', 'Bradley Martyn']",ComedyDramaHorror,1h 41m
47,Transformers: The Last Knight,2017,PG-13,5.2,"A deadly threat from Earth's history reappears and a hunt for a lost artifact takes place between Autobots and Decepticons, while Optimus Prime encounters his creator in space.",Michael Bay,"{'China', 'United States', 'Ken Nolan', 'Matt Holloway', 'Art Marcum'}","['Mark Wahlberg', 'Anthony Hopkins', 'Josh Duhamel', 'Laura Haddock', 'Santiago Cabrera', 'Isabela Merced', 'Jerrod Carmichael', 'Stanley Tucci', 'Liam Garrigan', 'Martin McCreadie', 'Rob Witcomb', 'Marcus Fraser', 'John Hollingworth', 'Daniel Adegboyega', 'Trent Seven', 'Glenn Morshower', 'Gemma Chan', 'John Turturro']",ActionAdventureSci-Fi,2h 34m
48,Ride Along 2,2016,PG-13,5.9,"As his wedding day approaches, Ben heads to Miami with his soon-to-be brother-in-law James to bring down a drug dealer who's supplying the dealers of Atlanta with product.",Tim Story,"{'Greg Coolidge', 'Matt Manfredi', 'Phil Hay'}","['Ice Cube', 'Kevin Hart', 'Tika Sumpter', 'Benjamin Bratt', 'Olivia Munn', 'Ken Jeong', 'Bruce McGill', 'Michael Rose', 'Sherri Shepherd', 'Arturo Del Puerto', 'Eric Goins', 'Carlos Gómez', 'Utkarsh Ambudkar', 'Glen Powell', 'Nadine Velazquez', 'Bresha Webb', 'Jessica Bialick', 'Michelle Pieroway']",ActionComedyCrime,1h 42m
49,A Madea Family Funeral,2019,PG-13,4.5,"A joyous family reunion becomes a hilarious nightmare as Madea and the crew travel to backwoods Georgia, where they find themselves unexpectedly planning a funeral that might unveil unsavory family secrets.",Tyler Perry,{'Tyler Perry'},"['Tyler Perry', 'Cassi Davis', 'Patrice Lovely', 'Mike Tyson', 'Ciera Payton', 'Kj Smith', 'Quin Walters', 'Aeriél Miranda', 'Jen Harper', 'Courtney Burrell', 'Rome Flynn', 'David Otunga', 'Derek Morgan', 'Aryeh-Or', 'Christianee Porter', 'Darryl W. Handy', 'Joel Rush', 'Selena Anduze']",ComedyDrama,1h 49m
50,Resident Evil: Retribution,2012,R,5.3,Alice fights alongside a resistance movement to regain her freedom from an Umbrella Corporation testing facility.,Paul W.S. Anderson,"{'Germany', 'Canada', 'Paul W.S. Anderson'}","['Milla Jovovich', 'Sienna Guillory', 'Michelle Rodriguez', 'Aryana Engineer', 'Bingbing Li', 'Boris Kodjoe', 'Johann Urb', 'Robin Kasyanov', 'Kevin Durand', 'Ofilio Portillo', 'Oded Fehr', 'Colin Salmon', 'Shawn Roberts', 'Toshio Oki', 'Takato Yamashita', 'Mika Nakashima', 'Megan Charpentier', ""Ave Merson-O'Brian""]",ActionHorrorSci-Fi,1h 35m
51,Fifty Shades Darker,2017,R,4.5,"While Christian wrestles with his inner demons, Anastasia must confront the anger and envy of the women who came before her.",James Foley,"{'China', 'E.L. James', 'Niall Leonard', 'United States'}","['Dakota Johnson', 'Jamie Dornan', 'Eric Johnson', 'Eloise Mumford', 'Bella Heathcote', 'Rita Ora', 'Luke Grimes', 'Victor Rasuk', 'Max Martini', 'Bruce Altman', 'Kim Basinger', 'Marcia Gay Harden', 'Andrew Airlie', 'Robinne Lee', 'Amy Price-Francis', 'Fay Masterson', 'Ryker Brown', 'Logan Brown']",DramaRomanceThriller,1h 58m
52,Power Rangers,2017,PG-13,5.9,"When Earth is on the verge of an alien invasion, five teenagers, who are infused with superhuman abilities, must harness their newfound powers to battle this threat - as the Power Rangers.",Dean Israelite,"{'Matt Sazama', 'Japan', 'John Gatins', 'Hong Kong', 'United States', 'Burk Sharpless', 'Canada'}","['Dacre Montgomery', 'Naomi Scott', 'RJ Cyler', 'Ludi Lin', 'Becky G', 'Elizabeth Banks', 'Bryan Cranston', 'Bill Hader', 'Matt Shively', 'Cody Kearsley', 'David Denman', 'Robert Moloney', 'Anjali Jay', 'Sarah Grey', 'Morgan Taylor Campbell', 'Caroline Cave', 'Kayden Magnuson', 'Lisa Berry']",ActionAdventureFantasy,2h 4m
53,Dragonball Evolution,2009,PG,2.6,"The young warrior Son Goku sets out on a quest, racing against time and the vengeful King Piccolo, to collect a set of seven magical orbs that will grant their wielder unlimited power.",James Wong,"{'Mexico', 'United Kingdom', 'Ben Ramsey', 'Hong Kong', 'Akira Toriyama'}","['Justin Chatwin', 'James Marsters', 'Chow Yun-Fat', 'Emmy Rossum', 'Jamie Chung', 'Joon Park', 'Eriko Tamura', 'Randall Duk Kim', 'Ernie Hudson', 'Texas Battle', 'Megumi Seki', 'Ian Whyte', 'Richard Blake', 'Jon Valera', 'Rafael Valdez', 'Mike Wilson', 'Freddy Bouciegues', 'Shavon Kirksey']",ActionAdventureFantasy,1h 25m
54,Stealth,2005,PG-13,5.0,"Deeply ensconced in a top-secret military program, three pilots struggle to bring an artificial intelligence program under control before it initiates the next world war.",Rob Cohen,{'W.D. Richter'},"['Josh Lucas', 'Jessica Biel', 'Jamie Foxx', 'Sam Shepard', 'Richard Roxburgh', 'Joe Morton', 'Ian Bliss', 'Ebon Moss-Bachrach', 'Michael Denkha', 'Rocky Helton', 'Clayton Adams', 'Maurice Morgan', 'Woody Naismith', 'Charles Ndibe', 'Nicholas Hammond', 'Michael McCabe', 'Joel Tobeck', 'John Waters']",ActionAdventureSci-Fi,2h 1m
55,The Stepford Wives,2004,PG-13,5.3,The secret to a Stepford wife lies behind the doors of the Men's Association.,Frank Oz,"{'Ira Levin', 'Paul Rudnick'}","['Nicole Kidman', 'Bette Midler', 'Matthew Broderick', 'Glenn Close', 'Christopher Walken', 'Roger Bart', 'David Marshall Grant', 'Jon Lovitz', 'Dylan Hartigan', 'Fallon Brooking', 'Faith Hill', 'Matt Malloy', 'Kate Shindle', 'Tom Riis Farrell', 'Lorri Bagley', 'Robert Stanton', 'Lisa Masters', 'Christopher Evan Welch']",ComedyHorrorSci-Fi,1h 33m
56,The Huntsman: Winter's War,2016,PG-13,6.1,"Eric and fellow warrior Sara, raised as members of ice Queen Freya's army, try to conceal their forbidden love as they fight to survive the wicked intentions of both Freya and her sister Ravenna.",Cedric Nicolas-Troyan,"{'Evan Spiliotopoulos', 'Evan Daugherty', 'United States', 'Craig Mazin'}","['Chris Hemsworth', 'Jessica Chastain', 'Charlize Theron', 'Emily Blunt', 'Nick Frost', 'Rob Brydon', 'Sheridan Smith', 'Alexandra Roach', 'Sope Dirisu', 'Sam Hazeldine', 'Sam Claflin', 'Sophie Cookson', 'Conrad Khan', 'Niamh Walter', 'Nana Agyeman-Bediako', 'Amelia Crouch', 'Fred Tatasciore', 'Ralph Ineson']",ActionAdventureDrama,1h 54m
57,London Has Fallen,2016,R,5.9,"In London for the Prime Minister's funeral, Mike Banning is caught up in a plot to assassinate all the attending world leaders.",Babak Najafi,"{'Christian Gudegast', 'Creighton Rothenberger', 'United Kingdom', 'United States', 'Katrin Benedikt'}","['Gerard Butler', 'Aaron Eckhart', 'Morgan Freeman', 'Angela Bassett', 'Alon Aboutboul', 'Waleed Zuaiter', 'Adel Bencherif', 'Mehdi Dehbi', 'Shivaani Ghai', 'Martin Petrushev', 'Owen Davis', 'Michael Wildman', 'Radha Mitchell', 'Lucy Newman-Williams', 'Julian Kostov', 'Stacy Shane', 'Penny Downie', 'Guy Williams']",ActionThriller,1h 39m
58,Gilda Live,1980,R,6.9,"A filmed version of the Broadway show starring comedienne Gilda Radner, complete with the characters she made famous on the TV show ""Saturday Night Live.""",Mike Nichols,"{'Lorne Michaels', 'Anne Beatts', 'Marilyn Suzanne Miller'}","['Gilda Radner', 'Don Novello', 'Paul Shaffer', 'Nils Nichols', 'Bob Christianson', 'Howard Shore', 'Diana Grasselli', 'Myriam Valle', 'Maria Vidal', 'Johnny Caruso', 'G.E. Smith']",Comedy,1h 36m
59,Show Dogs,2018,Unrated,3.9,"Max, a macho, solitary Rottweiler police dog is ordered to go undercover as a primped show dog in a prestigious Dog Show, along with his human partner, to avert a disaster from happening.",Raja Gosnell,"{'Marc Hyman', 'Max Botkin', 'United Kingdom'}","['Will Arnett', 'Ludacris', 'Natasha Lyonne', 'Stanley Tucci', 'Jordin Sparks', 'Gabriel Iglesias', ""Shaquille O'Neal"", 'Alan Cumming', 'Omar Chaparro', 'Anders Holm', 'Kate Micucci', 'Blake Anderson', 'RuPaul', 'Andy Beckwith', 'Oliver Tompsett', 'Simon Lipkin', 'Kerry Shale', 'Colin Stinton']",AdventureComedyCrime,1h 32m
60,Half Past Dead,2002,PG-13,4.6,A man goes undercover in a hi-tech prison to find information to help prosecute those who killed his wife. While there he stumbles onto a plot involving a death-row inmate and his $200 million stash of gold.,Don Michael Paul,"{'Don Michael Paul', 'United States'}","['Morris Chestnut', 'Steven Seagal', 'Matt Battaglia', 'Ja Rule', 'Nia Peeples', 'Tony Plana', 'Kurupt', 'Michael Taliferro', 'Claudia Christian', 'Linda Thorson', 'Bruce Weitz', 'Michael McGrady', 'Richard Bremmer', 'Hannes Jaenicke', 'Wiliam T. Bowers', 'Stephen J. Cannell', 'Ross King', 'Alexandra Kamp']",ActionCrimeThriller,1h 38m
61,Allegiant,2016,PG-13,5.6,"After the earth-shattering revelations of Insurgent, Tris must escape with Four beyond the wall that encircles Chicago, to finally discover the shocking truth of the world around them.",Robert Schwentke,"{'Bill Collage', 'Noah Oppenheim', 'Adam Cooper'}","['Shailene Woodley', 'Theo James', 'Jeff Daniels', 'Naomi Watts', 'Octavia Spencer', 'Zoë Kravitz', 'Ansel Elgort', 'Miles Teller', 'Keiynan Lonsdale', 'Daniel Dae Kim', 'Maggie Q', 'Bill Skarsgård', 'Jonny Weston', 'Nadia Hilker', 'Andy Bean', 'Ray Stevenson', 'Mekhi Phifer', 'Joseph David-Jones']",ActionAdventureMystery,2h
62,Murder à la Mod,1968,,5.4,"Naive young Karen wants to help her struggling amateur-filmmaker boyfriend Christopher raise enough money so he can divorce his wife. Meanwhile, jolly psycho prankster Otto stalks the building where Christopher is shooting a low-grade adult movie in order to keep himself afloat.",Brian De Palma,{'Brian De Palma'},"['Andra Akers', 'William Finley', 'Margo Norton', 'Jared Martin', 'Ken Burrows', 'Lorenzo Catlett', 'Jack L. Harrell', 'Laura Stevenson', 'John Quinn', ""Jenny O'Hara"", 'Bob Scott', 'Phil Proctor', 'Leanne Harrison', 'Jennifer Salt', 'Laura Rubin', 'Marta Levenson', 'Melanie Mander']",ComedyCrimeMystery,
63,Aaron Slick from Punkin Crick,1952,Approved,5.2,"Shy farmboy loves his next-door neighbor, but she dreams of going to the big city. Then she gets mixed up with big-city gangsters.",Claude Binyon,"{'Claude Binyon', 'Walter Benjamin Hare'}","['Alan Young', 'Dinah Shore', 'Robert Merrill', 'Adele Jergens', 'Minerva Urecal', 'Martha Stewart', 'Fritz Feld', 'Veda Ann Borg', 'Chick Chandler', 'Dorothy Abbott', 'Fred Aldrich', 'Leon Alton', 'Ginger Anderson', 'Brooks Benedict', 'Frank W. Bering', 'Barbara Carroll', 'Dick Cherney', 'Ken Christy']",ComedyDramaMusical,1h 35m
64,The Gunman,2015,R,5.8,"A sniper on a mercenary assassination team kills the minister of mines of the Congo. Terrier's successful kill shot forces him into hiding. Returning to the Congo years later, he becomes the target of a hit squad himself.",Pierre Morel,"{'Don MacPherson', 'Spain', 'Jean-Patrick Manchette', 'United Kingdom', 'United States', 'Pete Travis'}","['Sean Penn', 'Idris Elba', 'Jasmine Trinca', 'Javier Bardem', 'Ray Winstone', 'Mark Rylance', 'Peter Franzén', 'Mark Billingham', 'Daniel Adegboyega', 'Ade Oyefeso', 'Alejandro Talavante', 'Florian Barisey', 'Ismael Tunkara', 'Amara Tunkara', 'Rachel Lascar', 'Miquel Àngel Ripeu', 'Mark Schardan', 'Txiki Blasi']",ActionAdventureCrime,1h 55m
65,The Adventures of Pluto Nash,2002,PG-13,3.8,"In the future, a man struggles to keep his lunar nightclub out of the hands of the Mafia.",Ron Underwood,"{'Neil Cuthbert', 'United States'}","['Eddie Murphy', 'Jay Mohr', 'Randy Quaid', 'Rosario Dawson', 'Joe Pantoliano', 'Luis Guzmán', 'James Rebhorn', 'Peter Boyle', 'Burt Young', 'Miguel A. Núñez Jr.', 'Pam Grier', 'John Cleese', 'Victor Varnado', 'Illeana Douglas', 'Jacynthe René', 'Alissa Kramer', 'Heidi Kramer', 'Lillo Brancato']",ActionComedySci-Fi,1h 35m
66,Bullet to the Head,2012,R,5.7,"After watching their respective partners die, a New Orleans hitman and a Washington, D.C. detective form an alliance in order to bring down their common enemy.",Walter Hill,"{'Colin Wilson', 'India', 'Alexis Nolent', 'United States', 'Switzerland', 'Alessandro Camon'}","['Sylvester Stallone', 'Jason Momoa', 'Christian Slater', 'Sung Kang', 'Sarah Shahi', 'Adewale Akinnuoye-Agbaje', 'Jon Seda', 'Holt McCallany', 'Brian Van Holt', 'Weronika Rosati', 'Dane Rhodes', 'Marcus Lyle Brown', 'Andrew Austin-Peterson', 'Paul Etheredge', 'Robert Cavan Carruth', 'Louis Michot', 'Andre Michot', 'Lacey Minchew']",ActionCrimeThriller,1h 32m
67,Bad Company,2002,PG-13,5.6,"When an Ivy League-educated C.I.A. Agent is killed during an operation, the secret agency recruits his twin brother (Chris Rock).",Joel Schumacher,"{'Jason Richman', 'David Himmelstein', 'Czech Republic', 'Gary M. Goodman'}","['Anthony Hopkins', 'Chris Rock', 'Matthew Marsh', 'Gabriel Macht', 'Kerry Washington', 'Adoni Maropis', 'Garcelle Beauvais', 'Peter Stormare', 'Dragan Micanovic', 'John Slattery', 'Brooke Smith', 'Daniel Sunjata', 'DeVone Lawson Jr.', 'Wills Robbins', 'Marek Vasut', 'Majed Ibrahim', 'Peter Macdissi', 'Luke F Dejahang']",ActionComedyThriller,1h 56m
68,Insurgent,2015,PG-13,6.2,Beatrice Prior must confront her inner demons and continue her fight against a powerful alliance which threatens to tear her society apart with the help from others on her side.,Robert Schwentke,"{'Akiva Goldsman', 'Brian Duffield', 'Mark Bomback', 'United States'}","['Shailene Woodley', 'Ansel Elgort', 'Theo James', 'Kate Winslet', 'Jai Courtney', 'Mekhi Phifer', 'Miles Teller', 'Cynthia Barrett', 'Justice Leak', 'Lyndsi LaRose', 'Charlie Bodin', 'Octavia Spencer', 'Zoë Kravitz', 'Ben Lloyd-Hughes', 'Tony Goldwyn', 'Ashley Judd', 'Konrad Howard', 'Lucella Costa']",ActionAdventureSci-Fi,1h 59m
69,Rollerball,2002,PG-13,3.1,The big thing in 2005 is a violent sport which can have some pretty serious consequences... like dying.,John McTiernan,"{'Japan', 'John Pogue', 'William Harrison', 'Germany', 'United States', 'Larry Ferguson'}","['Chris Klein', 'Jean Reno', 'LL Cool J', 'Rebecca Romijn', 'Naveen Andrews', 'Oleg Taktarov', 'David Hemblen', 'Janet Wright', 'Andrew Bryniarski', 'Kata Dobó', 'Alice Poon', 'Lucia Rijker', 'Melissa R. Stubbs', 'Paul Wu', 'Yolanda Hughes-Heying', 'Jay Mahin', 'Simon Girard', 'Tom Farr']",ActionSci-FiSport,1h 38m
70,Escape Plan,2013,R,6.7,"When a structural-security authority finds himself set up and incarcerated in the world's most secret and secure prison, he has to use his skills to escape with help from the inside.",Mikael Håfström,"{'Jason Keller', 'Miles Chapman'}","['Sylvester Stallone', 'Arnold Schwarzenegger', '50 Cent', ""Vincent D'Onofrio"", 'Jim Caviezel', 'Faran Tahir', 'Amy Ryan', 'Sam Neill', 'Vinnie Jones', 'Matt Gerald', 'Caitríona Balfe', 'David Joseph Martinez', 'Alec Rayme', 'Christian Stokes', 'Graham Beckel', 'Rodney Feaster', 'David Leitch', 'Lydia Hull']",ActionThriller,1h 55m
71,Trespass,2011,R,5.3,"As they're held for ransom, a husband and wife's predicament grows more dire amid the discovery of betrayal and deception.",Joel Schumacher,"{'Karl Gajdusek', 'United States'}","['Nicolas Cage', 'Nicole Kidman', 'Cam Gigandet', 'Ben Mendelsohn', 'Liana Liberato', 'Jordana Spiro', 'Dash Mihok', 'Emily Meade', 'Nico Tortorella', 'Brandon Belknap', 'Terry Milam', 'Tina Parker', 'David Maldonado', 'Nilo Otero', 'Simona Williams', 'Matthan Harris', 'Christopher Márquez', 'Safton Reed Neuman']",CrimeDramaThriller,1h 31m
72,Regression,2015,R,5.6,A detective and a psychoanalyst uncover evidence of a satanic cult while investigating a young woman's terrifying past.,Alejandro Amenábar,"{'Canada', 'Alejandro Amenábar', 'Spain'}","['Ethan Hawke', 'David Thewlis', 'Emma Watson', 'Dale Dickey', 'Lothaire Bluteau', 'David Dencik', 'Devon Bostick', 'Aaron Ashmore', 'Peter MacNeill', 'Adam Butcher', 'Jacob Neayem', 'Aaron Abrams', 'Catherine Disher', 'Danielle Bourgon', 'Julian Richings', 'Kristian Bruun', 'Luke Marty', 'Wendy Lyon']",AdventureCrimeDrama,1h 46m
73,Lady in the Water,2006,PG-13,5.5,"Apartment building superintendent Cleveland Heep rescues what he thinks is a young woman from the pool he maintains. When he discovers that she is actually a character from a bedtime story who is trying to make the journey back to her home, he works with his tenants to protect his new friend from the creatures that are determined to keep her in our world.",M. Night Shyamalan,{'M. Night Shyamalan'},"['Paul Giamatti', 'Bryce Dallas Howard', 'Jeffrey Wright', 'Bob Balaban', 'Sarita Choudhury', 'Cindy Cheung', 'M. Night Shyamalan', 'Freddy Rodríguez', 'Bill Irwin', 'Mary Beth Hurt', 'Noah Gray-Cabey', 'Joseph D. Reitman', 'Jared Harris', 'Grant Monohon', 'John Boyd', 'Ethan Cohn', 'June Kyoto Lu', 'Tovah Feldshuh']",DramaFantasyMystery,1h 50m
74,Pain & Gain,2013,R,6.4,A trio of bodybuilders in Florida get caught up in an extortion ring and a kidnapping scheme that goes terribly wrong.,Michael Bay,"{'Stephen McFeely', 'Pete Collins', 'Christopher Markus'}","['Mark Wahlberg', 'Dwayne Johnson', 'Anthony Mackie', 'Tony Shalhoub', 'Ed Harris', 'Rob Corddry', 'Bar Paly', 'Rebel Wilson', 'Ken Jeong', 'Michael Rispoli', 'Keili Lefkovitz', 'Emily Rutherfurd', 'Larry Hankin', 'Tony Plana', 'Peter Stormare', 'Vivi Pineda', 'Ken Clement', 'Yolanthe Cabau']",ActionComedyCrime,2h 9m
75,Battleship,2012,PG-13,5.8,A fleet of ships is forced to do battle with an armada of unknown origins in order to discover and thwart their destructive goals.,Peter Berg,"{'Erich Hoeber', 'Jon Hoeber', 'United States'}","['Alexander Skarsgård', 'Brooklyn Decker', 'Liam Neeson', 'Rihanna', 'Taylor Kitsch', 'Tadanobu Asano', 'Hamish Linklater', 'Peter MacNicol', 'John Tui', 'Jesse Plemons', 'Gregory D. Gadson', 'Jerry Ferrara', 'Adam Godley', 'Rico McClinton', 'Joji Yoshida', 'Louis Lombardi', 'Norman Vincent McLafferty', 'Stephen Bishop']",ActionAdventureSci-Fi,2h 11m
76,Fantastic Four,2015,PG-13,4.3,Four young outsiders teleport to an alternate and dangerous universe which alters their physical form in shocking ways. The four must learn to harness their new abilities and work together to save Earth from a former friend turned enemy.,Josh Trank,"{'Josh Trank', 'Simon Kinberg', 'Germany', 'United States', 'Jeremy Slater'}","['Miles Teller', 'Kate Mara', 'Michael B. Jordan', 'Jamie Bell', 'Toby Kebbell', 'Reg E. Cathey', 'Tim Blake Nelson', 'Joshua Montes', 'Dan Castellaneta', 'Owen Judge', 'Kylen Davis', 'Evan Hannemann', 'Chet Hanks', 'Mary-Pat Green', 'Tim Heidecker', 'Mary Rachel Quinn', 'Wayne Pére', 'Rhonda Johnson Dents']",ActionAdventureSci-Fi,1h 40m
77,Just My Luck,2006,PG-13,5.4,"Manhattanite Ashley is known to many as the luckiest woman around. After a chance encounter with a down-and-out young man, however, she realizes that she's swapped her fortune for his.",Donald Petrie,"{'I. Marlene King', 'Amy Harris', 'Jonathan Bernstein'}","['Lindsay Lohan', 'Chris Pine', 'Samaire Armstrong', 'Bree Turner', 'Faizon Love', 'Missi Pyle', 'Makenzie Vega', 'Carlos Ponce', 'Tom Fletcher', 'Danny Jones', 'Harry Judd', 'Dougie Poynter', 'Tovah Feldshuh', 'Jaqueline Fleming', 'Dane Rhodes', 'Mikki Val', 'Ira Hawkins', 'J.C. Sealy']",ComedyFantasyRomance,1h 48m
78,Annie,2014,PG,5.3,"A foster kid, who lives with her mean foster mom, sees her life change when business tycoon and New York City mayoral candidate Will Stacks makes a thinly-veiled campaign move and takes her in.",Will Gluck,"{'Will Gluck', 'Thomas Meehan', 'Aline Brosh McKenna'}","['Quvenzhané Wallis', 'Cameron Diaz', 'Jamie Foxx', 'Rose Byrne', 'Bobby Cannavale', 'Adewale Akinnuoye-Agbaje', 'David Zayas', 'Zoe Margaret Colletti', 'Nicolette Pierini', 'Eden Duncan-Smith', 'Amanda Troya', 'Dorian Missick', 'Tracie Thoms', 'Mike Birbiglia', 'Stephanie Kurtzuba', 'Peter Van Wagner', 'Ray Iannicelli', 'Michael J. Fox']",ComedyDramaFamily,1h 58m
79,Halloween 5: The Revenge of Michael Myers,1989,R,5.0,"One year after the events of Halloween 4: The Return of Michael Myers (1988), the Shape returns to Haddonfield once again in an attempt to kill his now-mute niece.",Dominique Othenin-Girard,"{'Michael Jacobs', 'John Carpenter', 'Debra Hill'}","['Donald Pleasence', 'Danielle Harris', 'Ellie Cornell', 'Beau Starr', 'Jeffrey Landman', 'Tamara Glynn', 'Jonathan Chapin', 'Matthew Walker', 'Wendy Foxworth', 'Betty Carvalho', 'Troy Evans', 'Frankie Como', 'David Ursin', 'Harper Roisman', 'Karen Alston', 'Max Robinson', 'Stanton Davis', 'Jack North']",HorrorThriller,1h 36m
80,Angels & Demons,2009,PG-13,6.7,Harvard symbologist Robert Langdon works with a nuclear physicist to solve a murder and prevent a terrorist act against the Vatican during one of the significant events within the church.,Ron Howard,"{'Akiva Goldsman', 'Dan Brown', 'David Koepp', 'United States'}","['Tom Hanks', 'Ewan McGregor', 'Ayelet Zurer', 'Stellan Skarsgård', 'Pierfrancesco Favino', 'Nikolaj Lie Kaas', 'Armin Mueller-Stahl', 'Thure Lindhardt', 'David Pasquesi', 'Cosimo Fusco', 'Victor Alfieri', 'Franklin Amobi', 'Curt Lowens', 'Bob Yerkes', 'Marc Fiorini', 'Carmen Argenziano', 'Howard Mungo', 'Rance Howard']",ActionMysteryThriller,2h 18m
81,Youth Without Youth,2007,R,6.1,"A love story wrapped in a mystery. Set in World War II Europe, a professor is changed by a cataclysmic event and explores the mysteries of life.",Francis Ford Coppola,"{'Mircea Eliade', 'Francis Ford Coppola', 'France', 'Romania', 'United States', 'Italy'}","['Tim Roth', 'Alexandra Maria Lara', 'Bruno Ganz', 'André Hennicke', 'Marcel Iures', 'Alexandra Pirici', 'Adrian Pintea', 'Florin Piersic Jr.', 'Mircea Albulescu', 'Dan Astileanu', 'Cristian Balint', 'Dragos Bucur', 'Zoltan Butuc', 'Theodor Danetti', 'Andrei Gheorghe', 'Roxana Guttman', 'Lucian Iancu', 'Dorina Lazar']",DramaFantasyMystery,2h 4m
82,Zoom,2006,PG,4.3,Former superhero Jack is called back to work to transform an unlikely group of ragtag kids into superheroes at a private academy.,Peter Hewitt,"{'Jason Lethcoe', 'David Berenbaum', 'Adam Rifkin'}","['Tim Allen', 'Courteney Cox', 'Chevy Chase', 'Spencer Breslin', 'Kevin Zegers', 'Kate Mara', 'Michael Cassidy', 'Ryan Whitney', 'Rip Torn', 'Cornelia Guest', 'Ashton Moio', 'Hunter Aarniokoski', 'Tom Wilson', 'Ridge Canipe', 'Danny McCarthy', 'Jason Bailey', 'Jesse Bendevis', 'Rashad Richards']",ActionAdventureComedy,1h 33m
83,Hannah Montana: The Movie,2009,G,4.5,"As Hannah Montana's popularity begins to take over her life, Miley Stewart, on the urging from her father takes a trip to her hometown of Crowley Corners, Tennessee to get some perspective on what matters in life the most.",Peter Chelsom,"{'Michael Poryes', 'Richard Correll', 'Dan Berendsen'}","['Miley Cyrus', 'Emily Osment', 'Billy Ray Cyrus', 'Jason Earles', 'Mitchel Musso', 'Moises Arias', 'Lucas Till', 'Vanessa Williams', 'Margo Martindale', 'Peter Gunn', 'Melora Hardin', 'Jared Carter', 'Barry Bostwick', 'Beau Billingslea', 'Katrina Smith', 'Emily Grace Reaves', 'Jane Carr', 'Taylor Swift']",ComedyDramaFamily,1h 42m
84,Survival of the Dead,2009,R,4.8,"On an island off the coast of North America, local residents simultaneously fight a zombie epidemic while hoping for a cure to return their un-dead relatives back to their human state.",George A. Romero,"{'United States', 'George A. Romero'}","['Alan Van Sprang', 'Kenneth Welsh', 'Kathleen Munroe', 'Joshua Peace', 'Hardee T. Lineham', 'Dru Viergever', 'Eric Woolfe', 'Shawn Roberts', 'Scott Wentworth', 'Amy Lalonde', 'Michelle Morgan', 'Joshua Close', 'Mitch Risman', 'Julian Richings', 'Wayne Robson', 'John Healy', 'Philippa Domville', 'Kristina Miller']",ComedyDramaHorror,1h 30m
85,Whiteout,2009,R,5.5,U.S. Marshal Carrie Stetko tracks a killer in Antarctica as the sun is about to set for six months.,Dominic Sena,"{'Erich Hoeber', 'Chad Hayes', 'Jon Hoeber', 'United States', 'Canada'}","['Kate Beckinsale', 'Gabriel Macht', 'Tom Skerritt', 'Columbus Short', ""Alex O'Loughlin"", 'Shawn Doyle', 'Joel Keller', 'Jesse Todd', 'Arthur Holden', 'Erin Hicock', 'Bashar Rahal', 'Julian Cain', 'Dennis Keiffer', 'Andrei Runtso', 'Roman Varshavsky', 'Steve Lucescu', 'Paula Jean Hixson', 'Craig A. Pinckes']",ActionCrimeMystery,1h 41m
86,Secret Society of Second-Born Royals,2020,TV-PG,4.9,Follows Sam's adventures at a top-secret training program for a new class of second-born royals tasked with saving the world.,Anna Mastro,"{'Andrew Green', 'Austin Winsberg', 'Alex Litvak'}","['Peyton Elizabeth Lee', 'Niles Fitch', 'Isabella Blake-Thomas', 'Olivia Deeble', 'Noah Lomax', 'Faly Rakotohavana', 'Ashley Liao', 'Sam Page', 'Greg Bryk', 'Elodie Yung', 'Skylar Astin', 'Julianna Marie Neo', 'Jessica Du', 'Anthony Massullo', 'Glen Michael Grant', 'Aisha Evelyna', 'Alli Chung', 'Courtenay Taylor']",ActionAdventureComedy,1h 39m
87,Halloween,2007,R,6.0,"After being committed for 15 years, Michael Myers, now a grown man and still very dangerous, escapes from the mental institution and immediately returns to Haddonfield to find his baby sister, Laurie.",Rob Zombie,"{'Rob Zombie', 'John Carpenter', 'Debra Hill'}","['Scout Taylor-Compton', 'Malcolm McDowell', 'Tyler Mane', 'Brad Dourif', 'Daeg Faerch', 'Sheri Moon Zombie', 'William Forsythe', 'Richard Lynch', 'Udo Kier', 'Clint Howard', 'Danny Trejo', 'Lew Temple', 'Tom Towles', 'Bill Moseley', 'Leslie Easterbrook', 'Steve Boyles', 'Danielle Harris', 'Skyler Gisondo']",Horror,1h 49m
88,The Hustle,2019,PG-13,5.4,Two con women - one low rent and the other high class - team up to take down the men who have wronged them.,Chris Addison,"{'Dale Launer', 'Paul Henning', 'Stanley Shapiro'}","['Anne Hathaway', 'Rebel Wilson', 'Alex Sharp', 'Tim Blake Nelson', 'Timothy Simons', 'Douggie McMeekin', 'Ashley McGuire', 'Casper Christensen', 'Eloise Lovell Anderson', 'Philip Desmeules', 'Ingrid Oliver', 'Jarreau Antoine', 'Nicholas Woodeson', 'Celine Arden', 'Raffaello Degruttola', 'Alex Gaumond', 'Guy Warren-Thomas', 'Tom Moutchi']",ComedyCrime,1h 33m
89,The Wrong Missy,2020,TV-MA,5.7,"Tim thinks he's invited the woman of his dreams on a work retreat to Hawaii, realizing too late he mistakenly texted someone from a nightmare blind date.",Tyler Spindel,"{'Chris Pappas', 'Kevin Barnett'}","['David Spade', 'Lauren Lapkus', 'Nick Swardson', 'Geoff Pierson', 'Jackie Sandler', 'Molly Sims', 'Sarah Chalke', 'Chris Witaske', 'Rob Schneider', 'John Farley', 'Jorge Garcia', ""Joe Anoa'i"", 'Jonathan Loughran', 'Jared Sandler', 'Chris Titone', 'Arlene Newman-Van Asperen', 'Candace Smith', 'Camille Claire Hendricks']",ComedyRomance,1h 30m
90,What Men Want,2019,R,5.3,"A woman is boxed out by the male sports agents in her profession, but gains an unexpected edge over them when she develops the ability to hear men's thoughts.",Adam Shankman,"{'Alex Gregory', 'Peter Huyck', 'Tina Gordon'}","['Taraji P. Henson', 'Kristen Ledlow', 'Josh Brener', 'Kellan Lutz', 'Jason Jones', 'Justin Alvarez', 'Chris Witaske', 'Max Greenfield', 'Paul Brian Johnson', 'Brian Bosworth', 'Kausar Mohammed', 'Richard Roundtree', 'Taj-Naranja Jenkines', 'Aldis Hodge', 'Auston Jon Moore', 'Devonta Freeman', 'John Collins', 'Tracy Morgan']",ComedyFantasyRomance,1h 57m
91,The Kissing Booth 2,2020,TV-14,5.7,"In the sequel to 2018's THE KISSING BOOTH, high school senior Elle juggles a long-distance relationship with her dreamy boyfriend Noah, college applications, and a new friendship with a handsome classmate that could change everything.",Vince Marcello,"{'Vince Marcello', 'Jay S Arnold', 'Beth Reekles', 'United Kingdom'}","['Joey King', 'Joel Courtney', 'Jacob Elordi', 'Molly Ringwald', 'Taylor Zakhar Perez', 'Maisie Richardson-Sellers', 'Meganne Young', 'Stephen Jennings', 'Carson White', 'Bianca Bosch', 'Camilla Wolfson', 'Zandile Madliwa', 'Judd Krok', 'Sanda Shandu', 'Hilton Pelser', 'Frances Sholto-Douglas', 'Evan Hengst', 'Joshua Daniel Eady']",ComedyRomance,2h 14m
92,Waltzes from Vienna,1934,Approved,5.8,The story of Johann Strauss the elder and younger.,Alfred Hitchcock,"{'Heinz Reichert', 'Guy Bolton', 'Ernst Marischka'}","['Edmund Gwenn', 'Esmond Knight', 'Jessie Matthews', 'Fay Compton', 'Frank Vosper', 'Robert Hale', 'Charles Heslop', 'Hindle Edgar', 'Marcus Barron', 'Betty Huntley-Wright', 'Bertram Dench', 'Sybil Grove', 'B.M. Lewis', 'Bill Shine', 'John Singer', 'Cyril Smith']",BiographyMusicRomance,1h 21m
93,Brahms: The Boy II,2020,PG-13,4.7,"After a family moves into the Heelshire Mansion, their young son soon makes friends with a life-like doll called Brahms.",William Brent Bell,"{'Canada', 'Stacey Menear', 'China', 'United States'}","['Katie Holmes', 'Christopher Convery', 'Owain Yeoman', 'Ralph Ineson', 'Daphne Hoskins', 'Keoni Rebeiro', 'Joely Collins', 'Oliver Rice', 'Anjali Jay', 'Natalie Moon', 'Glenn Ennis', 'Charles Jarman', 'Joanne Kimm', 'Ellie King', 'Nakita Kohan']",DramaHorrorMystery,1h 26m
94,Sorority Row,2009,R,5.1,"A group of sorority sisters try to cover up the death of their house-sister after a prank gone wrong, only to be stalked by a serial killer.",Stewart Hendler,"{'Josh Stolberg', 'Mark Rosman', 'Pete Goldfinger'}","['Briana Evigan', 'Rumer Willis', 'Carrie Fisher', 'Teri Andrez', 'Adam Barrie', 'Megan Wolfley', 'Robert Belushi', 'Marie Blanchard', 'Zack Garrett', 'Margo Harshman', 'Jamie Chung', 'Leah Pipes', 'Audrina Patridge', ""Matt O'Leary"", 'Julian Morris', 'Debra Gordon', 'Matt Cannon', ""Caroline D'Amore""]",HorrorMystery,1h 41m
95,Desperados,2020,TV-MA,5.2,"A panicked young woman, with her reluctant friends in tow, rushes to Mexico to try and delete a ranting email she sent to her new boyfriend.",LP,{'Ellen Rapoport'},"['Nasim Pedrad', 'Anna Camp', 'Lamorne Morris', 'Sarah Burns', 'Robbie Amell', 'Heather Graham', 'Jessica Chaffin', 'Izzy Diaz', 'Rodrigo Franco', 'Scott Rodgers', 'Toby Grey', 'Jessica Lowe', 'George Basil', 'Allan McLeod', 'Bryan Safi', 'Mon de León', 'Niccole Thurman', 'Mo Gaffney']",ComedyRomance,1h 45m
96,Rush Hour 3,2007,PG-13,6.2,"After an attempted assassination on Ambassador Han, Lee and Carter head to Paris to protect a French woman with knowledge of the Triads' secret leaders.",Brett Ratner,"{'Jeff Nathanson', 'Ross LaManna', 'United States'}","['Jackie Chan', 'Chris Tucker', 'Max von Sydow', 'Hiroyuki Sanada', 'Yvan Attal', 'Yûki Kudô', 'Noémie Lenoir', 'Jingchu Zhang', 'Tzi Ma', 'Dana Ivey', 'Henry O', 'Mia Tyler', 'Michael Chow', 'David Niven Jr.', 'Oanh Nguyen', 'Andrew Quang', 'Mingming Sun', 'Lisa Thornhill']",ActionComedyCrime,1h 31m
97,Artemis Fowl,2020,PG,4.2,"Artemis Fowl, a young criminal prodigy, hunts down a secret society of fairies to find his missing father.",Kenneth Branagh,"{'Hamish McColl', 'Eoin Colfer', 'Conor McPherson', 'United States'}","['Ferdia Shaw', 'Lara McDonnell', 'Josh Gad', 'Tamara Smart', 'Michael Rouse', 'Racheal Ofori', 'Simone Kirby', ""Joe O'Grady"", 'Finian Duff Lennon', 'Grace Fincham', 'Toby Eden', 'Gerard Horan', 'Colin Farrell', 'Nonso Anozie', 'Emily Brockmann', 'Jessica Rhodes', 'Charlie Cameron', 'Susannah Hewlett']",AdventureFamilyFantasy,1h 35m
98,Æon Flux,2005,PG-13,5.4,"Æon Flux is a mysterious assassin working for the Monicans, a group of rebels trying to overthrow the government. When she is sent on a mission to kill the Chairman, a whole new mystery is found.",Karyn Kusama,"{'Matt Manfredi', 'Phil Hay', 'Peter Chung', 'Brazil', 'Germany', 'United States'}","['Charlize Theron', 'Frances McDormand', 'Sophie Okonedo', 'Marton Csokas', 'Jonny Lee Miller', 'Pete Postlethwaite', 'Amelia Warner', 'Caroline Chikezie', 'Nikolai Kinski', 'Paterson Joseph', 'Yangzom Brauen', ""Aoibheann O'Hara"", 'Thomas Huber', 'Weijian Liu', 'Maverick Quek', 'Ralph Herforth', 'Megan Gay', 'Rainer Will']",ActionAdventureSci-Fi,1h 33m
99,Dudley Do-Right,1999,PG,3.9,Inept Canadian mountie Dudley Do-Right chases after villian Snidely Whiplash and woos girlfriend Nell Fenwick.,Hugh Wilson,"{'Jay Ward', 'Hugh Wilson'}","['Brendan Fraser', 'Sarah Jessica Parker', 'Alfred Molina', 'Eric Idle', 'Robert Prosky', 'Alex Rocco', 'Jack Kehler', 'Louis Mustillo', 'Don Yesso', 'Jed Rees', 'Brant von Hoffman', 'Corey Burton', 'Dyllan Christopher', 'Ashley Yarman', 'Jeremy Bergman', 'Douglas Newell', 'Haig Sutherland', 'Michael McCarty']",ComedyFamilyRomance,1h 17m
